0x5bd58bfaf2a03bb73c29c459146259f04521581de36671cc6013291732ebea61,1692938492503900
0x739c3c5ca5d34c8c10e9cfafbe475eb593be06666bff6fe462e90529ee3b7a8e,1692938492517945
0xc96b357180eb9785736f1a24844bc932d35cdad335857c27ca0f5f026d70fb0f,1692938492518610
0x97fcc672461fc125eb0a6fc3259b2c675912bf76c57a21b22f707e1abd02d45b,1692938492614885
0x21efb41ed42387d8c94fab72be1afaa14579885816f6f899169512e7cc068b35,1692938492642338
0x8d3ec3ec8dbdbc64339fe5771ce8d20a9e1c1efaa2fd263cce99b6d19347fbf9,1692938492710406
0x45272c63910b29380001eaae98d0af964e937f4b5ff8842f0a0383e8be5f3dda,1692938492807315
0x4356cc1c6a7495ae5c3feecb03ef5c6fca7b1ee77ae7400ec14f553d0e08617c,1692938492860829
0x01c9867d470491d74b0a2bea50d1fa427e5bb7a597838b58b7a367708ef16d2a,1692938492943417
0x1f99a2a37fb556752e3c75483eadbd90bc2195d4bcd90dfe02492e266b5f3d38,1692938492981476
0x63fdb90bb1f68b23b37cfd75495b0a6d2d1eeddf27a897772b6a7d652714c0ea,1692938493030261
0x3a9e4e9399a322ac5303551db51b69bb7448d1f89e218a6212b75f4ba5f98ebd,1692938493147029
0xa543442435acf98a0f6f2d864b71edec942da413db8a6962651fa8961bab567b,1692938493294513
0x0a9d29c399890de898e942d97897218e2f55c3b5ff6df5a3dc455753561a86b5,1692938493313985
0x1a416b20129bbc65ccc3c37dd2ba62b214def2d3eb7c90624f29edc9c53e3ea8,1692938493319073
0xaa0a61ef4daff2fc13205444e559145d62689760aa2a8d230aa034b1af85957f,1692938493360137
0x7d92584ecbd8fbbfe4b6f8ccfc4d8730b57f1742f3a604cdd8a28b21ef9fb0ff,1692938493385089
0x3cd8add5730a8de3c5f8e62a1e7d2da6f53f8a551e5c444c0f37022fc1939018,1692938493435729
0x88db7c69eba2124295ff8a2cf0f020e9db891ddbbaf177ba8e13b6eb00d474c3,1692938493456877
0xd76f96fa05e4a1428ec61165116ea0c836c2bcd0bb6e87e74451a052d23dcec6,1692938493690323
0x6a829d82872e55d48581532544324c18a0281ed71a2bfd935f1aec2898657aea,1692938493829724
0x3a945165929a5bcd010025ba7fac050ee725d76daff004a37c490ee4df5cdda1,1692938494253498
0x99804b581116270117d716c9dab9e36b2ef0c32c5bb9cda41332c41b23c792f3,1692938494288917
0x86161e0b0f1a73ef1926b4be4911bc45d1328845c12bf7d0001c9515e08dd055,1692938494350747
0xb47241c0cda30c72066d4ea4c628a52e3bdf92605c59d3fda7ea2e9a71a135b2,1692938494352325
0x83f4d6d5e6c7c908cb1b517d9fc7470449aac29c97bc345db22ca53b22a32f3d,1692938494352810
0xacd4f51c159a9d4245b91d8dbd980029b32e84e35069f4b6f876174095e3f5b0,1692938494438157
0xd9a5c3823214ede0959c1c453547261199c4b645910b9cd44b4d4c6680acf753,1692938494484416
0xf5d7d9c2cc5a0d17c0ae5285c9b049eec8629a2412b72e625f4893d5d15809e8,1692938494538620
0xe294b6036cf2a54df9a22bc016657a77bf0e79dd5dcc875fae0ab90a7081def5,1692938494628711
0x3819891cdab7812d2f0a271be414c926c72f89cda09b6485163cf4fc44999baa,1692938494641350
0xc0232c2b0ad0ef956a72b5d18b91c60a01d1a602dca1424d5c48bc87d2e0aaac,1692938494838729
0x9e0043a1760cb9ad58e538dca3d64ba4bec21a924d2c1fdf6de523c2f553b764,1692938494946265
0x938e98ae4f2d01d35d0cf17c4b261f0dabca09103e99c4ff80e93373a9b8936b,1692938495196179
0xc78d13b5f5583dc6c979231d01e601a44574fa30e25e43765dfea995646253e2,1692938495390372
0x98e2200c520e9e8da2f163ec5970686e92bead9f66230194fdac7bb0492132e4,1692938495436582
0x2af2e4fb3120e13d8379a7f51859c64e77d2da90edfd9fdeb929030200537e3b,1692938495908776
0x7e1544463ce1ee8c73de21307fb99961951cb0f76a296662eb6450f6ca39cbe0,1692938496052961
0x6ac86e85a482c4254fab8fd780950382a15d244d26123a749c8a6ea2e74dfc5d,1692938496210231
0x1e9a6a639e5dbf0588b8a5299e3e55e8aac223061fce2851c534e63788fa39cb,1692938496211113
0x7fb203b2b80c848446a6fac51bbe50a32291f66346d7ad4ea078a628e84b37e9,1692938496465759
0xa98d65e4616312add627b3bad9d354fbd49d32060e204199e099e33e16607b4a,1692938496740443
0x86225d9c23024cf746bc50d468ca92468c9bcc756422cef62661f8eb84ff639b,1692938497013937
0xd8c0154452693fe599064ce5326414c6368c8b7646c0bd95a9e47e97439c8ee3,1692938497165251
0x083275b0f2c12ca50793aba394997110404fb5e19c330e88d05b115b6b190624,1692938497165937
0x0a1930ff9558a6f3e4afedfd648d5cf510cba7385dd5ec72bc08c4821fda49da,1692938497166446
0x0b56aa21a35ebae9b527f4310ed05c610fe22aed9afc517c589d2cf77285b535,1692938497166913
0x69a826541865f63e581df18309633873560fe915df0623408ce1ddc7822247cc,1692938497167394
0x373cd1f5be04d0a1dbce2302f4b924fe668e34ea51afd446936f374bb95a2c9a,1692938497175363
0x9656b9e5fdc503406a1ee892ebdd23a033722d040d6635326be4d5d7d8db67ec,1692938497176162
0xa338edf1518d3f593b5b093a227d1f229d95061f0f457c161769febccf65af96,1692938497176962
0xb958b0fde4049d18e05eb1e1f7377d9c7ed35fcca7811fae1756370b4f715f88,1692938497177520
0x50f9b2dd9339634ada7642cfe8079455a9dd58bff5ae258e7efa85945c86e03a,1692938497183123
0x07f0e0844cad45731212705eb273c2fdec115cdf7822de74f0aa9d846879b42f,1692938497208771
0x93ea25024814e9d8ff882e3617d454c50845763e03170a3e5015d8befda75ecc,1692938497256066
0x9585b1019097ba583d0df890dc947e28084e337571fdc54d5b64257e2e9e0071,1692938497256676
0x7f09f8d4e35406baf0812c1d86d7c39e0634bed7f2689c5fa79538d5b447c840,1692938497263022
0xbb5b26e729c58fe64af3db82dab863d9bf5b4cc273447ea39f7bc3a0439dee88,1692938497266441
0xa0583a98fa96284bd5d3fc66dcbd6319410ed7fde5c8967b94f825ca7d9bd5be,1692938497267079
0xcbc32048b89cccc914554fd01e79fa15864909466854145a2f4233779cdfb51b,1692938497269095
0xbfa92fea69de137b7b8a23c26bf018353429e8eecfc36300e4cf049ad0d13663,1692938497270046
0xeefedac15dd0052a3957d24242de40661e3d20a2f366334a777e27d742ca0189,1692938497270507
0xaa4f82fbb8d1b4c3afbe800577f4df7681201749494e9ff4eeddc6becba98428,1692938497271055
0x3aa108d252802fed6885e88ffdf0673c5acbc95a135921e2102bf3c718531ad8,1692938497271673
0xe169ae7efb71567c6d55ea1e573f8266f19dfedd41a88ecf47eb15744d0b183b,1692938497272458
0xdfed4d3d16b71d76237c92d182d8a5ce3e85522d8fa9c0a17d898472cadad9f0,1692938497272955
0xe53234d5a21847d1a2511926d0be1ab967aa10ff47e17bdfa2ea97f219468874,1692938497273418
0x2501aeb33d5894b0ad38a70260e5a64545a4e39f5da20e0a27c269a25b135c77,1692938497273936
0x8fa63deb9062455cf8bbf57d2987e6c258ce3a5960a907d758b6f5ace35a7893,1692938497274530
0x06060e622c9857b76291d1b63cecddf44311413b99ae06484491537b7e367070,1692938497275102
0xc25fd9d0ff77001a51a84bf3ed192c3cf7099a2ad65b458351c64b862cea9c19,1692938497284685
0xe3bbaa9c7d842a105262099b640e97faa737be280d7782c081592dcc5d594a75,1692938497290302
0x683df7cd9505f15813f8ed16ea6cb0edb31c7eedd338dae2a2718167f590c5a6,1692938497294442
0x2cf4347b73d7c3e67ee9c84bbde9e9eb5dd63ceaf731ae2c335478546297c8d1,1692938497298932
0x09f843d7ab9f3f4d3b56cb5deb3ccf681dbf3d17eff6ccf67c9661a7c085cf06,1692938497310389
0xaae58aac16134277e6f5b4e81ec916b5e8696557b69d5fedd390febc22db52ba,1692938497317631
0x9bc4d8f65ccfa4cf42588bd1ceb587d571fd8d2a163958cbc9bf0e4f3c0c2554,1692938497320504
0x8ffd608547289389aeb3bac0c2cb3ac2e2a15facd801dfce2c2858ab37b364b8,1692938497326153
0x2ffe7df0b03ce29104b49bb9f93481950d485637f424b9c7c9d471eda4393c2a,1692938497333691
0xbb323faf13f44dac2bd8a7ca3399dcf4421e8d7d6932dfc673dba022864eaaff,1692938497348202
0xf32dfd03dd5825a42e3a124d4e8bcd669617b0ea18c0757c4d617c72eb24e889,1692938497359686
0xfc291775aee2a6dcc80725e509d3c0fd9108aba1c6a0c3c058fd2f94068c1d30,1692938497365514
0x294c14fb4cd451d67f57eb4ba9697062a8997c42665642e8ad41a67991793d02,1692938497369858
0x09477a1e9042bfa804d19065e042fb238fbceda4d60bf901bbabd934ff21823e,1692938497375818
0x9631e4b30a0796d6104115eef57af85d79412af5628a4f1e1c3f70858e708383,1692938497385231
0xcf14985e151634e9e08d393522df6590c37b5af26b8c0742f8efc17b0c3ec6d4,1692938497389994
0xb36811cce29c5fd699bab9583191f89669b59a53998ef1d23f5218f4f43f9cc6,1692938497392963
0x33478b65c4aff886b6d002bd105b09dc70bcccf3f824c670fd8b82045512ae2b,1692938497393688
0x6fb9b4f5bf9c8f8c20caf6a8641f5f9e902704f605231755f1d28419b0b7f956,1692938497402853
0x9988e202f2a5738fa1622ac0fae8972fa093a1488c0ba161cd8f3a1dcff2a9c9,1692938497412498
0x796916bd41db32698239e00524e44b5b20145ae4e269f1359854c75140b8fffc,1692938497418100
0x5688ac5fdbd2dbcc7425b85d8ca9ab5b7e2245499f50fbede69cea1008d0971b,1692938497477794
0x413f4338184c9c66c4357c87804585b02a756dcde44fc123022f8c413d973310,1692938497478570
0x535574e4b9ff02ce74232f793dc1e5d163c0c59cda33b169307b2a9731a290d7,1692938497479098
0xdbba923655a79e0a0f4e34f401f4f44f04bd8705071bf33424f358b3da82d977,1692938497479548
0xc35789776145303d504cd661179e536ae6ca42ed7fa2b84d0c73e2e4581419ef,1692938497480014
0x8a7301bf5baafb8a5435b9213501780f8d06379d48e04d860513a37a400cff98,1692938497480777
0x10525c9438508dc30f6e21502af01421d1f4eec2c60737a703cb2cd5cf5406e8,1692938497481219
0x8d8b58028ee57f2ebea34e26db8491cd81cbbf7567018253122c8f3e05ff3227,1692938497485120
0xca27567e11d15e83fbc519858625d6a744c2df446704ebafd108f93be94dcff0,1692938497492720
0x02fb535a25694fba5b4a15268f3f959db50fdb9ddd1f3a046d3b2a7c1e7bd8e1,1692938497493543
0x9a51e9eb9f6aa5e2a327c60e428968d55a0e43953815bf5b8e13d19f050dd325,1692938497500004
0xa6ead0e2ceefc7323a78b5e3cc2f894cc31806668c42ddd74979a13e3c3db8f9,1692938497502435
0x6d582e63b68f58f7f97d1d8c2dba8d8e51c16719f0ed1d30760d3e78d67f9caa,1692938497504127
0xa9915af73603eacbf601ad15b157f3c89419658fff5092e5c07ba133d1b88ca4,1692938497505245
0xb7abd7f7c046eb21e22f1b15fcc1f20b7421ae8092af9e2d6a5c7f97f8903465,1692938497510326
0x9be36f1f06d93997e90208dcbc208a13c45be8745fbcbfd974f4d69335cf565b,1692938497511954
0x4f079495dc859ce6c018bde01e44bb203cb800f4c836afe5703c6ad5417d018b,1692938497512583
0x4b54b460eaf4e85aae1840d71c92cef921b4324be9862b1af5ba71ec245a2273,1692938497516231
0x4563d719a22b89d19f3b9c28b939cba97adc05644ccb46200961aec536e4f233,1692938497521297
0x5709a102e3460416975ec3a07e103aa6d00116317f5e8ee6c632d4ff3fd3fb64,1692938497521785
0xad10ec49f292a89f1f3139198590490e4079ad53e907387ad923e02c402158bd,1692938497526516
0x91dd3c8ec766b64e45e9f48d7eaceb2094d285d07c69e4f9aa84ba2873459ef5,1692938497527016
0xf745df9d29c5843fb6d165cba9b86f343decebf433e478403397daeac099749d,1692938497536469
0x2d10dde56183ff54164ed46c28bb06ad305578d7d71840ecd89ce0a8d937d404,1692938497541800
0x8192cea58d2bf4aa1b247f09302874ca6aa0504f89a9c916879d363899e75a55,1692938497542457
0x7642906a2c1f221131bdd7c5e3a837a8310ee258504b18a64b38ec45a1540cf7,1692938497551442
0x1659e949a1b236ae3ba2abd93b17dee451150a9d144c0e3cdb78a4db974319d0,1692938497556001
0x03a2a068c8aaab9c61e00eaf51e4c1ce2dda1896af52cefc45bf4c945765d770,1692938497562868
0xdcb87793d6435ef107186688060307d3a6649cb1f4c4a31f9fd63dda7d3c6c6a,1692938497563548
0x8a4a13671cd85518fdcb8d954be4e050d2a58b825dc1a4ed5ea0974c72e9edb3,1692938497564961
0x2515519d850e1794b3f7f81308dd3f3d453d08e60eb78543ff5ac23674481b0f,1692938497569933
0xfa19002cdf28b7ff8c75e13e4c1ddc705d5c79245a110de80e5f4fd20e9c660e,1692938497570762
0x11371dbb7cfc4161929404d520653c4b18108e502dfeb50dae8c959fb459cc1b,1692938497604589
0x61c9fb099ca0fb9acdc5f6da6e389095b88ae97964d8725090821e4dcd4cdc60,1692938497605146
0x0be1edd6d5312cf08a09d0c91521147531540ff4227fafe68644c79c28b23241,1692938497605566
0x9b80fe1d6f32c95df2121ac5498120c9c551be19014115d6e2a3bbff717314c6,1692938497606201
0x9e196bf068f4606239cab65a714780695663bf3765d4039e334c3d108d96e4eb,1692938497625884
0xe190265ad7894d39d3917724a77290c3e7e7efc9a6bb31be5048bdd6030db4d1,1692938497641659
0x2e8a70531b3c37110d10998c3ddcc6c6731adc91c8d5652007827b9ba5f4418b,1692938497648162
0x7fe3bb1bec669d0e221de253770910727344eb10a8f688752e7efcf48e5937d4,1692938497652483
0xed349d1e69a71e825f77972da376310b2cb72b08a01c4ee618c689b871acf3d3,1692938497655598
0x7a8277b402d1845ac280eb32f9c41ba89dd011241a51e74f9833e81d69f9e8ab,1692938497656178
0xe080a57ca0da9affc261c5e79cb0a7e24a41c1148ae114721a9a0ae259efda2b,1692938497669220
0x8720d96186e1121c1c14328d586e1acd3511c64f832e8c90d8454e49f6f817d1,1692938497687509
0x1920c5758a3b4faeb55bccccf86a18f4c07c1b4c9681aad516b3de77bfa3ad33,1692938497696771
0xb27cc652e82339a43825075b9f50ea92d9914ac74f72499739bcecfa4174df7d,1692938497701358
0x761adbab554d4bfa1d71d6f8454afc098e6386f557d4eccadac8bdc70bc1463a,1692938497716489
0x73ff868245acb7dd69f5c6e0fbd4c8d53029b9c1738d34a9c08f7e6373ed4b19,1692938497751383
0x1efcad3cfc60e1ab0562afd77c40fbf6835f3f420c006bfb482abf235256dabe,1692938497752094
0x4b25c55b599f81db27f166e569cc5b5b8ed1712b54c48e607ad231b07f503cb8,1692938497756848
0x3036492575cc7bfeb3cea751e34563ea15cdfbb4b81c3438bd60bb8f131a86af,1692938497772703
0x30351f66218df144b219e07a24ad3541b3b0fa727634993c765a71b663b74cf0,1692938497781315
0xd7ba5eeae7c43f74a5ee01acbddc4e7fce3d1ba31632acba14d1c852db295135,1692938497787064
0xb04374c1b5eed15514c64aa115f1fd75dd1990290a45d3a0edaccc132e56d25c,1692938497806156
0xccb95ee90b71eb39d0d604416b4c5df79ed1a4e7efbe31a00fa80ebbda6e0477,1692938497843259
0x18799a23bac85641261359a0d21b953da2d63133f90dae49e7b7067049b12e33,1692938497844031
0x68ea1d45471e79124c49eb10cfc8578fdc0a30fe5998ccf98004a61f7adf5997,1692938497844550
0x1b0d66f587e91c2610c9752ee6c5dce0731f0e3cee316fb9697619dcf08a4293,1692938497844950
0x7ec6897c9b6ca2ff2fe5196b00811e871c897e8b59276cdc1a0f0ccc5ce8d201,1692938497857209
0x7a19a59c5ac60391d11df70795dfb052ebd1b2104d1308cf54963de900372c6b,1692938497863022
0xa6e3a141926492c863eb95ed7e78234e6261b68c03562bf2419e152e3c09dcae,1692938497868441
0x49105c181ac91a914cd7a5c33dfaa15eaf9235f8ec17c0cae95fe5ae44b31ce7,1692938497873505
0x83a456614a336194fd3fb7bcbed12854695301aba7f4ec88fec8243b690d1c29,1692938497885494
0x28c488ab5923fae0228cf50f90a10334759775eb6fb5ec896805c6be5601d5c7,1692938497886321
0xe9b7e79b0d2daae51fe3598504c24d1481edd025afe26fb6407cfc78f361ffd7,1692938497886740
0xad71e0de870a6732c0f7ab0399fbec59b823c90f2d3e83463208f154181373cb,1692938497887113
0x688b84a0263c6bc227e74f335a7278878421d7eb9feb2d282f46f3b3affb2a55,1692938497904908
0xf55d6b8d3145a067a4048cef5f7a523ad765048d7c3112714f4bbe65df995782,1692938497906045
0x821c2c10185a1a801e91fe52b3eea89ed439f36567a6aed9fdc6126cc5ea760e,1692938497906989
0x610a4640cdecc2c8ef84364ee6ed0f4601a1bb6fa2f81bb65495c391fc111337,1692938497913045
0x07894322839e0a84f6d77f840d640c7ed29eeb0ceb1e232e08e4e0e60c221128,1692938497982254
0x2587b2c68dae1f6081881e274a90999f33c27d9098b019ac31ef8484a9aa8f35,1692938498002128
0xdddc5c0d8af41fc4ad6366e31c20556d335880fddd41e29275c2f1f6be5579a3,1692938498018555
0x913bc022f7c7483ff1014d3e1f6b0f163ec831d06520a05de19e58f141e1c7c7,1692938498019236
0xedd758b319736aca47dfed2ec996c9f9eca3cd65e5253fc137ee6140c62512ed,1692938498031398
0xcc8801c06c08f6608a714b1dbc215d16855d77a101092618b5943b9cb3ea3367,1692938498032295
0x4eba9e41ed74f3e0eddc66b1e5a3f124c30797e268fb115372f6672597e95da0,1692938498044323
0x4eca92e30fc37752347c2c4563de3f2a227cf2e072fab31207df908ec1b032eb,1692938498058430
0x52ef3f73068311714897f1aa240845c671078e5a0d185fa4f717dfca298db847,1692938498064806
0x1146b068347cff32678adc13e1ede6790ad1f483ece84b18dfd2e07f3c4bf7fd,1692938498070068
0xb6bdcea4b829b77cfd07c7f27fab45bbc43da8d27171a857d0aa755519434e33,1692938498091589
0x1664822ff238f9bf549ae91d0235a606e79b0e561ecc7dba46c8bbf0ffdd116f,1692938498099882
0x82834a09ad1d83128402b6ab6603a6706db34d6df14fb3f28d61cfa6cc72c154,1692938498116815
0x773bb6430c0978f18d52528d83e715d2e9c0ac3632d7a92bc5725eac544d6d64,1692938498117491
0xa01936cc9d36c1a1acea74c3f15a9ea50b14c02c7e2562bd156f227a1952f690,1692938498133903
0x8aab936e797994cc4f67651f26e4952febfa1252a8d5e47f418e9fd23f62b219,1692938498134499
0xdb70be12d1d08ac0cafdd413e7321ebe95861ed154bc472749362e7d0e29afad,1692938498134869
0x0b075846c1f9fc36cf7420f2c0ee20d24646cf2a73f123fe6841f5df8698cd47,1692938498135288
0x76538467b559d3ef70c676ab854dd029d5c038e911d0c991130b7deab10b8f0a,1692938498156676
0xd66e9f58411197ac222d2d29a68fea010a82fd2803f681f0ee28c56a0c97dae3,1692938498172954
0x4a3d7406f55988d24bf44f9398d24cd0e3c66b0201e15a9a81a57566b4662028,1692938498179179
0x75808b85467197f3c0a084e8e8c108586342ed1da8ce593dc719498daf7abd23,1692938498187290
0xabb0fa7e179cf4c368c599c223fa94afc60f190c839b61be457bfad7dee460af,1692938498188065
0xff8a5af65c0c58b66cb29b20603948852761419b3730b3494df7f0a03a7773d1,1692938498193224
0x330cd66d01ce8cd25d10e1c9eae8a8a7fc3e14ecdcac80b1e92e77ecff21e5ec,1692938498193928
0x8157e156324506d434471415873ee7850f8b2c9baa82daa6523d3846ba36c00d,1692938498194379
0x980f8e9455d2819e6e9533c18a50e8f1c3d63b2a66206f6b4f0c77f39b842ab8,1692938498204038
0xded5b00e4621ab11d7f321a626d1ecc05ad963e5a0fd78a90ba009a1be275baa,1692938498223202
0x1883ce8b21e1f474e693f05defdca8dab4a0f3b732ac816e47b30690a609d66a,1692938498262775
0xa6d3a8c76056b7bbebd15cd9ac9a6b98f8b4d26f40e5bcbdbd8e662b532d0250,1692938498277996
0x8d4e7c0b33753b572024c6925a560cc10270393875781f3466b36ad20a69fc36,1692938498278588
0xe2654381be1a77ff12a711d24dbab90695a26bef3219f654885ced7f6709d1b3,1692938498278955
0x51eccdce6dc8ed49057cb97515104a2936e0f08204fcfb1cab886a6848c399cd,1692938498308176
0x31f144dd9f916f880faf61b8b08233a8fedb054e2eec50dd2159f63b102432c4,1692938498308740
0xa069075bdc0934080a7156eab95ffb8e8f9b8b84f5a2422023b9200205f102d2,1692938498361385
0x857cbc539669ac5a4e22fa084c31422b2eb8deabf0720b9af49f6a5f42700c90,1692938498376411
0x7cae3e98e252249671ca48aa2d7c50cee670590682a7474f1a30843fc54d82e9,1692938498393493
0x7efddca67aee74e238227c96f7e12cbae84d4b2aa92c908024efdd823410531a,1692938498397011
0x5e4dc61d42ea615b884927b4fb30866751d2f24fc32245d83ff4a12952b8dc66,1692938498449131
0xd26f354d49125b288467ffd7b17d9bd57df49118439d236961e88e1ab0e657d5,1692938498458150
0x2d51bb8b463c7982022723c4d283d173d9d604d24a9a413112f2a333c1caeea0,1692938498458576
0x4d6db56a4fd4991fef410fc3634333407b14c46b897e3ab740375d60cc1f7a99,1692938498471770
0xa3aa79b7ed69e5e4cf4dbcfbb2bc210e1b589ab021d7474540d19319b2f27a3a,1692938498472317
0x8c7bb0071a58c125d8a37a3a8a8f2caabbf7372dfeafbac76e4f062611b08dff,1692938498519853
0xc7711015e267a7fdf8ea5f1d144e6d507056f05ca360f757263c8351c4dc83c6,1692938498578284
0xebf228cd0507db0065cbce15cb45c260979d4e57be09bdabc8564f29c104fe14,1692938498584233
0xacde3f6f29d821e01748cb567c17a7326e3d6a74f1f46939b0fbc55602cb8af2,1692938498613517
0xe0a935ad3d1a201434686318e541e39cf68c9a6dad3a4fa02274d05b7a19cba7,1692938498614086
0x1a1dfd55830a8b14efb932245ce215d27724131e45488231b1c39050d499261c,1692938498614452
0xd9ae9d931fdf556b72751065542db7fbaf6d4905933e28f38d130c9443034ca2,1692938498706310
0xe62f45b30e8cce4b09916379343022397e3f96e0a638088e88952bbee3d242e5,1692938498737746
0x58f3f49ae3188de1ba06fdeef9d8d22cfa1819807693306c11831b128cdc3384,1692938498738206
0x29f5b1de334178f2f790270475b694d7bbc8fd7bee1d409c8d246765effe10ce,1692938498752324
0xa9bcc49e846843545b34c4e412522209419db3f4869d66b35a49ce2057bdd431,1692938498853546
0x27065b16a2e521a6162e09aea86b831258147f7673c1d48536e08a61eb4ffa67,1692938498867669
0xb4f9b1104754de16582c2043691294749a8c4c02d24f6b4e92ec76ff792caa53,1692938498886289
0xfef4364ec4d8f8eb213a684dcea052ecff331143dc9053d316da292965c15213,1692938498910133
0xc5135e0cc45eb2d467aff566d67a0e36c2be4d95a354ccaa7ae025964b9e7ac5,1692938498948135
0x909fd1d1e01923c4700c2331512291d21f8b9b758e07024e38f30bddc852de0c,1692938499012593
0x9ff6dff180bdedcbf4479ab9e163d8fc05044d258c24cc625cdb20ca4c0584cb,1692938499013046
0xc4fdbe659f6b4f26c5802be816cdd5b748fc283ff2734defbea3048c9ae7a572,1692938499166395
0x8a502e006d3c3630cd02f56415837e39608ec0bd08e2f9bf081cac858027a19d,1692938499252275
0x3562d9cf9554cabb22dff1caadca22c6b94e998128a49420bed591b39dc1c267,1692938499326574
0xfd099aa135969a019d58c25e0f3bb0321cacdfc862e54b0234ce7d3d10d51ca6,1692938499335041
0xc0ff5536969a8c4ce527cfd48803363d719599c427449c996fd6ace12e3f1db1,1692938499340345
0xd193812e6fcf3c812dce30d980b4f079a8ceff77cb845c667eb68b127ac2875c,1692938499367181
0x199543608aa2343fa3efb3713e22da1730f2fb8e98960d4d5aab56f26aff7313,1692938499367602
0x5955ac38be20b299deb5a6f650d60b8efd51b4f06acb7b27d15066caf787375a,1692938499483154
0xce3e983b229be0c9a2922344f14a9034c2a73662edcdf793f99274c10217a8b4,1692938499594098
0x02b84fb3075519f0630ebec285326648f9a6291db80074c7cdb4bbf4a982add6,1692938499620917
0x9a42b7ab4d9d660714349f6434509150fcec4a0d1eedc32bec04901a7330da88,1692938499621549
0xd9f82f91d38735753553f0470191b07fe99dd2a7105114d343d07842a77d3ae8,1692938499653522
0xeef3d3eda2939a9d0037bb8a8b1c8d30cdc10745fac37d58dfba7802a6e65cb7,1692938499679430
0x6e56570117e6ab20cc0143372d1d2372a576c9f0c4f02ee3c77922620ecc6351,1692938499719885
0x137e1499c8b314d75e2e7a6349825c9f377c9db730d828267e9551414139e4b3,1692938499763169
0x0ff9b54c973126cafbd6afabab20796173e2c8f632a82b8a2e636bea6ccc1128,1692938499780375
0x5bff979b695165d595b13ec409d43d8546c7e06ecf711aa576d13876500ea1ca,1692938500072282
0xa83fe965f41d8df3ab89bc275df48a43b8c4508e36999c2b4fc86d33316e429b,1692938500239837
0x8727120c4c90c42d008addf231cd51ff8ea8ba69f192d3e3497a6c65430ea5c5,1692938500266373
0xf00c0c0a42ddd270cdf56164c4e3ce03965d6d1484c2f34603ff8442b887d2b6,1692938500310357
0xc1e9fed6b94e9b54bfcda08afdb1b018593ef2f54cf6a7b83e2b83e4cd078947,1692938500345209
0xc84d7fdc8fdfe81ccef6703c9303b1bedb773ba76b78d92237d7835dda3d774f,1692938500345968
0x05416abf7883055cb5caa7b56ba184afc1e569e6a3e43ab6475212b48460d3e5,1692938500346483
0x7ef1a5e2f021a187d96247435ac6061f4d3a5cddb03d7ebdab11b3fd5736c98a,1692938500382811
0x393d416ca8f0976e73e746a3a9e9441490ae21bd5d74f522d37ead61b4022570,1692938500475447
0x331e98095d25426591a3748f693f83c1af51e5be7900c77067d3da22155fbf0f,1692938500654507
0xab5404bd9d69521ad63e476237117d4359deba9f9b63a12d914df0510740c254,1692938500728370
0x5c29e9a11ca29e44b1738ab9df79e5927e2488b2231c71ea2a796f8336981b3a,1692938500746795
0xa57a0490fb5360c47f7c8f20b1ba184f6f3a21a0f6df267250632441049c7b65,1692938500770253
0xe770caaddc836c8b14fa5d5ac51deee497fd90c91da7fd1ddf54de30128325f6,1692938500888136
0xde4d289e4e3795b886f33bde3bebbc63f630018209ed2767a1246c3aa3c7ddfd,1692938500961130
0xf6616a6df1cfd98b2f1b2f4331f522d879364ea309a0de8680411dbd21720a0d,1692938501013342
0x8c17f86cc491e6aad11ca9775acff5cd0190320d4245dc8504e2c04cc2bee99a,1692938501089726
0x120b6da4a51c6780a988020c8d3d039c7bdc0000afce1f62894bc5ee657723bc,1692938501110475
0x732fac5bc72e6046ac7050748c5170f823344968d188b60f73154073d672e52b,1692938501364432
0x473e25350ee11eb9698ea5666ef4dec5ec7f2dad9c4f74a348af4b17340c38b3,1692938501408067
0xcba13ad3f0db50238f60d6e0b45fa6abb3c30063332ffe45c8884473b81d836d,1692938501439938
0x2dbc752662b4ef28bfc0f62074aa206c47d870639c3ef1b647cee3501edc085d,1692938501467232
0xf85f58d4d2de943ee3cfbad07e28763c07af358d804569220ec9d883c98d1747,1692938501568748
0x8779a321cdc7f274c9e0346ea65a1689fb5879066b9a532891a1e50027091bfe,1692938501591379
0x5ed26a8d1292cbc550913a516482c432b6a6eba4e865cc829255703010f807df,1692938501830770
0xf6f8efadd4176eec44936151c052126e61e8fe7c6af4fff1a4a9276bc9be061e,1692938501831539
0x8b7793279964cbd4cfcf19f9ba670819db598f4e8a9200bc3b739c6aae20ef88,1692938501929709
0x099635d290c84c488364fa8024f378746367f68049b74bcb59227068d4d1d6fa,1692938501953707
0xdfcf1d9efe007f12cae38bce8af5ec157420e2f06c01a4bf4281b6ed455ade22,1692938502128742
0xc3611b70bfa21cf0162a1c4e5a4270742b0cea677cd75f1f7291a9b0c57bce0c,1692938502218440
0xa3157106a3b15886e0ad558a617bd380656a63f470965f6a66fe8835d82d5693,1692938502246556
